"Smith", "James"
"Johnson", "Robert"
"Williams", "John"
"Park", "Lucie"
"Brown", "Michael"
"Jones", "David"
"Garcia", "William"
"Jinho", "Neiji"
"Miller", "Richard"
"Davis", "Joseph"
"Rodriguez", "Thomas"
"Perlo", "Fernand"
"Cooper", "Jonh"
"Ndiaye", "Fatou"
"Fall", "Mamadou"
"Mbodj", "Aminata"
"Diallo", "Samba"
"Cissé", "Ndeye"
"Sow", "Oumar"
"Niang", "Khady"
"Ndoye", "Cheikh"
"Faye", "Mariama"
"Gueye", "Abdoulaye"
"Ba", "Adama"
"Touré", "Fatoumata"
"Camara", "Moussa"
"Seck", "Khadim"
"Diop", "Awa"
"Ndao", "Mbaye"
"Kane", "Penda"
"Diagne", "Babacar"
"Thioune", "Bineta"
"Bâ", "Idrissa"
"Mbaye", "Nafissatou"
"Sène", "Ibrahim"
"Gadiaga", "Sokhna"
"Gaye", "Abdou"
"Diack", "Astou"
"Kâ", "Mamadou"
"Ndiaye", "Ndèye"
"Samb", "Modou"
"Mendy", "Sadio"
"Sy", "Fatou"
"Diaw", "Alioune"
"Diatta", "Ndongo"
"Dione", "Néné"
"Nguirane", "Demba"
"Ndiouga", "Sokhna"
"Thioub", "Assane"
"Bèye", "Aissatou"
"Fofana", "Saliou"
"Dème", "Mame"
"Sadio", "El Hadji"
"Sonko", "Yacine"
"Tine", "Abdoulaye"
"Ndour", "Anta"
"Nguirane", "Mor"
"Ndiaye", "Néné"
"Coundoul", "Ibrahima"
"Sagna", "Aminata"
"Diop", "Pape"
"Gningue", "Diaw"
"Ndiaye", "Kine"
"Dabo", "Ousmane"
"Bâ", "Khadidiatou"
"Sy", "Lamine"
"Gaye", "Ndeye"
"Cissé", "Moussa"
"Sow", "Aminata"
"Niang", "El Hadji"
"Ndoye", "Bineta"
"Faye", "Moustapha"
"Gueye", "Coumba"
"Ba", "Cheikh"
"Dieng", "Nafi"
"Tandian", "Issa"
"Diakhaté", "Sokhna"
"Camara", "Mamadou"
"Diakité", "Ndèye"
"Ndiaye", "Papa"
"Coly", "Ndeye"
"Niang", "Ibrahima"
"Thiaw", "Fatou"
"Sagna", "Mamadou"
"Ndione", "Aissatou"
"Faye", "Aliou"
"Traoré", "Ndeye"
"Seck", "Mamadou"
"Badiane", "Aminata"
"Kane", "Boubacar"
"Diouf", "Adja"
"Cissé", "Sokhna"
"Ndiaye", "Omar"
"Diop", "Aminata"
"Fall", "Moussa"
"Gaye", "Nafissatou"
"Ndiaye", "Moussa"
"Dione", "Ndeye"
"Diouf", "El Hadji"
"Gueye", "Coumba"
"Sarr", "Abdoulaye"
"Dieng", "Aminata"
"Diop", "Mamadou"
"Mbengue", "Néné"
"Niang", "Ibrahim"
"Sène", "Kadiatou"
"Ngom", "Ousmane"
"Dieng", "Ndeye"
"Diop", "Mamadou"
"Mbengue", "Fatou"
"Niang", "Cheikh"
"Sène", "Awa"
"Ngom", "Pape"
"Sato", "Hana", 
"Suzuki", "Haru", 
"Takahashi", "Yuki", 
"Tanaka", "Aiko", 
"Watanabe", "Sakura", 
"Ito", "Ren", 
"Yamamoto", "Masashi", 